Identificador,Nombre,Categoría,Normativa
2563,Actitis hypoleucos,LAESRPE,Decreto 23/2012. LAESRPE y Catálogo Andaluz de Especies Amenazadas
15005,Aegypius monachus,Vulnerable,Decreto 23/2012. LAESRPE y Catálogo Andaluz de Especies Amenazadas
97135,Aeshna,-,-
114063,Afruca tangeri,-,-
105888,Agriades zullichi,En peligro de extinción,Decreto 23/2012. LAESRPE y Catálogo Andaluz de Especies Amenazadas
106800,Agrodiaetus violetae,Vulnerable,Decreto 23/2012. LAESRPE y Catálogo Andaluz de Especies Amenazadas
16199,Aix galericulata,-,-
105771,Aix sponsa,-,-
2601,Alca torda,LAESRPE,Decreto 23/2012. LAESRPE y Catálogo Andaluz de Especies Amenazadas
2647,Alcedo atthis,LAESRPE,Decreto 23/2012. LAESRPE y Catálogo Andaluz de Especies Amenazadas
16195,Alopochen aegyptiaca,-,-
3571,Anaecypris hispanica,En peligro de extinción,Decreto 23/2012. LAESRPE y Catálogo Andaluz de Especies Amenazadas
2451,Anas,-,-
2455,Anas acuta,-,-
15007,Anas crecca,-,-
15002,Anas platyrhynchos,-,-
1430,Anax imperator,-,-
3641,Anguilla anguilla,-,-
15011,Anser anser,-,-
15010,Anser fabalis,-,-
3502,Aphanius baeticus,En peligro de extinción,Decreto 23/2012. LAESRPE y Catálogo Andaluz de Especies Amenazadas
3501,Aphanius iberus,En peligro de extinción,Decreto 23/2012. LAESRPE y Catálogo Andaluz de Especies Amenazadas
108091,Aplysina,LAESRPE,Decreto 23/2012 -Real Decreto 139/2011. LESRPE y Catálogo Español de Especies Amenazadas (Orden AAA/75/2012)-
108092,Aplysina aerophoba,LAESRPE,Decreto 23/2012 -Real Decreto 139/2011. LESRPE y Catálogo Español de Especies Amenazadas (Orden AAA/75/2012)-
2643,Apus caffer,LAESRPE,Decreto 23/2012. LAESRPE y Catálogo Andaluz de Especies Amenazadas
15018,Aquila adalberti,En peligro de extinción,Decreto 23/2012. LAESRPE y Catálogo Andaluz de Especies Amenazadas
15017,Aquila chrysaetos,LAESRPE,Decreto 23/2012. LAESRPE y Catálogo Andaluz de Especies Amenazadas
108386,Arbaciella elegans,-,-
15136,Ardea alba,-,-
2422,Ardea cinerea,LAESRPE,Decreto 23/2012. LAESRPE y Catálogo Andaluz de Especies Amenazadas
2423,Ardea purpurea,LAESRPE,Decreto 23/2012. LAESRPE y Catálogo Andaluz de Especies Amenazadas
2434,Ardeola ralloides,En peligro de extinción,Decreto 23/2012. LAESRPE y Catálogo Andaluz de Especies Amenazadas
2542,Arenaria interpres,LAESRPE,Decreto 23/2012. LAESRPE y Catálogo Andaluz de Especies Amenazadas
2629,Asio flammeus,LAESRPE,Decreto 23/2012. LAESRPE y Catálogo Andaluz de Especies Amenazadas
114060,Asterina phylactica,-,-
106647,Astroides calycularis,Vulnerable,Decreto 23/2012. LAESRPE y Catálogo Andaluz de Especies Amenazadas
108388,Astrospartus mediterraneus,-,-
119663,Austropotamobius pallipes,En peligro de extinción,Decreto 23/2012. LAESRPE y Catálogo Andaluz de Especies Amenazadas
108098,Axinella polypoides,LAESRPE,Decreto 23/2012. LAESRPE y Catálogo Andaluz de Especies Amenazadas
2476,Aythya ferina,-,-
2478,Aythya fuligula,-,-
16206,Aythya marila,LAESRPE,Decreto 23/2012. LAESRPE y Catálogo Andaluz de Especies Amenazadas
2477,Aythya nyroca,En peligro de extinción,Decreto 23/2012. LAESRPE y Catálogo Andaluz de Especies Amenazadas
13433,Baetica ustulata,Vulnerable,Decreto 23/2012. LAESRPE y Catálogo Andaluz de Especies Amenazadas
108105,Barnea candida,LAESRPE,Decreto 23/2012. LAESRPE y Catálogo Andaluz de Especies Amenazadas
2426,Botaurus stellaris,En peligro de extinción,Decreto 23/2012. LAESRPE y Catálogo Andaluz de Especies Amenazadas
119786,Boyeria irene,-,-
15124,Branta bernicla,LAESRPE,Decreto 23/2012. LAESRPE y Catálogo Andaluz de Especies Amenazadas
15126,Branta leucopsis,LAESRPE,Decreto 23/2012. LAESRPE y Catálogo Andaluz de Especies Amenazadas
2432,Bubulcus ibis,LAESRPE,Decreto 23/2012. LAESRPE y Catálogo Andaluz de Especies Amenazadas
16293,Bucephala clangula,LAESRPE,Decreto 23/2012. LAESRPE y Catálogo Andaluz de Especies Amenazadas
2529,Burhinus oedicnemus,LAESRPE,Decreto 23/2012. LAESRPE y Catálogo Andaluz de Especies Amenazadas
108399,Bursa scrobilator,-,-
16197,Cairina moschata,-,-
2543,Calidris,-,-
2544,Calidris alba,LAESRPE,Decreto 23/2012. LAESRPE y Catálogo Andaluz de Especies Amenazadas
2545,Calidris alpina,LAESRPE,Decreto 23/2012. LAESRPE y Catálogo Andaluz de Especies Amenazadas
16238,Calidris canutus,LAESRPE,Decreto 23/2012. LAESRPE y Catálogo Andaluz de Especies Amenazadas
16245,Calidris ferruginea,LAESRPE,Decreto 23/2012. LAESRPE y Catálogo Andaluz de Especies Amenazadas
16246,Calidris maritima,LAESRPE,Decreto 23/2012. LAESRPE y Catálogo Andaluz de Especies Amenazadas
2546,Calidris minuta,LAESRPE,Decreto 23/2012. LAESRPE y Catálogo Andaluz de Especies Amenazadas
2548,Calidris pugnax,LAESRPE,Decreto 23/2012. LAESRPE y Catálogo Andaluz de Especies Amenazadas
15127,Calidris temminckii,LAESRPE,Decreto 23/2012. LAESRPE y Catálogo Andaluz de Especies Amenazadas
113939,Calonectris borealis,LAESRPE,Decreto 23/2012. LAESRPE y Catálogo Andaluz de Especies Amenazadas
15129,Calonectris diomedea,Vulnerable,Decreto 23/2012. LAESRPE y Catálogo Andaluz de Especies Amenazadas
119788,Calopteryx haemorrhoidalis,-,-
105981,Calopteryx virgo,-,-
108110,Calyx nicaeensis,-,-
106659,Centrostephanus longispinus,LAESRPE,Decreto 23/2012. LAESRPE y Catálogo Andaluz de Especies Amenazadas
119790,Chalcolestes viridis,-,-
2532,Charadrius,-,-
2535,Charadrius alexandrinus,LAESRPE,Decreto 23/2012. LAESRPE y Catálogo Andaluz de Especies Amenazadas
2534,Charadrius dubius,LAESRPE,Decreto 23/2012. LAESRPE y Catálogo Andaluz de Especies Amenazadas
2533,Charadrius hiaticula,LAESRPE,Decreto 23/2012. LAESRPE y Catálogo Andaluz de Especies Amenazadas
16231,Charadrius morinellus,-,-
108949,Charonia lampas,Vulnerable,Decreto 23/2012. LAESRPE y Catálogo Andaluz de Especies Amenazadas
2208,Chersophilus duponti,En peligro de extinción,Decreto 23/2012. LAESRPE y Catálogo Andaluz de Especies Amenazadas
105,Chiroptera,-,-
2588,Chlidonias,-,-
2590,Chlidonias hybrida,LAESRPE,Decreto 23/2012. LAESRPE y Catálogo Andaluz de Especies Amenazadas
15135,Chlidonias leucopterus,LAESRPE,Decreto 23/2012. LAESRPE y Catálogo Andaluz de Especies Amenazadas
2572,Chroicocephalus genei,-,-
2574,Chroicocephalus ridibundus,-,-
2441,Ciconia ciconia,LAESRPE,Decreto 23/2012. LAESRPE y Catálogo Andaluz de Especies Amenazadas
2442,Ciconia nigra,En peligro de extinción,Decreto 23/2012. LAESRPE y Catálogo Andaluz de Especies Amenazadas
2461,Circus aeruginosus,LAESRPE,Decreto 23/2012. LAESRPE y Catálogo Andaluz de Especies Amenazadas
15009,Circus cyaneus,LAESRPE,Decreto 23/2012. LAESRPE y Catálogo Andaluz de Especies Amenazadas
2459,Circus pygargus,Vulnerable,Decreto 23/2012. LAESRPE y Catálogo Andaluz de Especies Amenazadas
108116,Cladocora caespitosa,LAESRPE,Decreto 23/2012 -Real Decreto 139/2011. LESRPE y Catálogo Español de Especies Amenazadas (Orden TEC/596/2019)-
15132,Clangula hyemalis,-,-
114059,Cochlis vittata,-,-
2651,Coracias garrulus,LAESRPE,Decreto 23/2012. LAESRPE y Catálogo Andaluz de Especies Amenazadas
119793,Cordulegaster boltonii,-,-
108379,Cribrinopsis crassa,-,-
119795,Crocothemis erythraea,-,-
101658,Cygnus atratus,-,-
15134,Cygnus olor,-,-
114057,Cymbula safiana,-,-
108150,Dendrophyllia cornigera,-,-
108380,Dendrophyllia laboreli,-,-
108151,Dendrophyllia ramea,-,-
114065,Dendropoma lebeche,-,-
107368,Donacilla cornea,-,-
2437,Egretta garzetta,LAESRPE,Decreto 23/2012. LAESRPE y Catálogo Andaluz de Especies Amenazadas
2436,Egretta gularis,-,-
15030,Elanus caeruleus,LAESRPE,Decreto 23/2012. LAESRPE y Catálogo Andaluz de Especies Amenazadas
108157,Ellisella paraplexauroides,LAESRPE,Decreto 23/2012 -Real Decreto 139/2011. LESRPE y Catálogo Español de Especies Amenazadas (Orden TEC/596/2019)-
114058,Episcomitra zonata,-,-
106054,Euchloe bazae,En peligro de extinción,Decreto 23/2012 -Real Decreto 139/2011. LESRPE y Catálogo Español de Especies Amenazadas (Orden TEC/596/2019)-
108381,Eunicella filiformis,-,-
108167,Eunicella gazella,-,-
108168,Eunicella labiata,-,-
108169,Eunicella verrucosa,-,-
2486,Falco naumanni,LAESRPE,Decreto 23/2012. LAESRPE y Catálogo Andaluz de Especies Amenazadas
2488,Falco peregrinus,LAESRPE,Decreto 23/2012. LAESRPE y Catálogo Andaluz de Especies Amenazadas
2510,Fulica atra,-,-
2511,Fulica cristata,En peligro de extinción,Decreto 23/2012. LAESRPE y Catálogo Andaluz de Especies Amenazadas
2567,Gallinago gallinago,-,-
2508,Gallinula chloropus,-,-
2402,Gavia arctica,LAESRPE,Decreto 23/2012. LAESRPE y Catálogo Andaluz de Especies Amenazadas
15064,Gavia immer,LAESRPE,Decreto 23/2012. LAESRPE y Catálogo Andaluz de Especies Amenazadas
2401,Gavia stellata,LAESRPE,Decreto 23/2012. LAESRPE y Catálogo Andaluz de Especies Amenazadas
2583,Gelochelidon nilotica,LAESRPE,Decreto 23/2012. LAESRPE y Catálogo Andaluz de Especies Amenazadas
108173,Gerardia savaglia,-,-
2448,Geronticus eremita,Extinta,Decreto 23/2012. LAESRPE y Catálogo Andaluz de Especies Amenazadas
2531,Glareola pratincola,LAESRPE,Decreto 23/2012. LAESRPE y Catálogo Andaluz de Especies Amenazadas
108328,Gnathophyllum elegans,-,-
13436,Gomphus graslinii,Vulnerable,Decreto 23/2012. LAESRPE y Catálogo Andaluz de Especies Amenazadas
119800,Gomphus pulchellus,-,-
106071,Gomphus simillimus,-,-
2517,Grus grus,LAESRPE,Decreto 23/2012. LAESRPE y Catálogo Andaluz de Especies Amenazadas
2457,Gyps fulvus,LAESRPE,Decreto 23/2012. LAESRPE y Catálogo Andaluz de Especies Amenazadas
108179,Hacelia attenuata,LAESRPE,Decreto 23/2012. LAESRPE y Catálogo Andaluz de Especies Amenazadas
2523,Haematopus ostralegus,LAESRPE,Decreto 23/2012. LAESRPE y Catálogo Andaluz de Especies Amenazadas
108183,Halocynthia papillosa,-,-
15023,Hieraaetus fasciatus,Vulnerable,Decreto 23/2012. LAESRPE y Catálogo Andaluz de Especies Amenazadas
15024,Hieraaetus pennatus,LAESRPE,Decreto 23/2012. LAESRPE y Catálogo Andaluz de Especies Amenazadas
2527,Himantopus himantopus,LAESRPE,Decreto 23/2012. LAESRPE y Catálogo Andaluz de Especies Amenazadas
108193,Homarus gammarus,-,-
2415,Hydrobates pelagicus,LAESRPE,Decreto 23/2012. LAESRPE y Catálogo Andaluz de Especies Amenazadas
2573,Hydrocoloeus minutus,LAESRPE,Decreto 23/2012. LAESRPE y Catálogo Andaluz de Especies Amenazadas
15111,Hydroprogne caspia,LAESRPE,Decreto 23/2012. LAESRPE y Catálogo Andaluz de Especies Amenazadas
114062,Isara cornea,-,-
2428,Ixobrychus minutus,LAESRPE,Decreto 23/2012. LAESRPE y Catálogo Andaluz de Especies Amenazadas
2570,Larus,-,-
2577,Larus argentatus,-,-
2576,Larus audouinii,Vulnerable,Decreto 23/2012. LAESRPE y Catálogo Andaluz de Especies Amenazadas
2575,Larus canus,LAESRPE,Decreto 23/2012. LAESRPE y Catálogo Andaluz de Especies Amenazadas
15066,Larus delawarensis,-,-
2579,Larus fuscus,-,-
15069,Larus marinus,LAESRPE,Decreto 23/2012. LAESRPE y Catálogo Andaluz de Especies Amenazadas
2571,Larus melanocephalus,LAESRPE,Decreto 23/2012. LAESRPE y Catálogo Andaluz de Especies Amenazadas
2578,Larus michahellis,-,-
15070,Larus pipixcan,-,-
108199,Leptogorgia lusitanica,-,-
15075,Limnodromus scolopaceus,-,-
2555,Limosa lapponica,LAESRPE,Decreto 23/2012. LAESRPE y Catálogo Andaluz de Especies Amenazadas
2554,Limosa limosa,LAESRPE,Decreto 23/2012. LAESRPE y Catálogo Andaluz de Especies Amenazadas
108201,Lithophaga lithophaga,LAESRPE,Decreto 23/2012. LAESRPE y Catálogo Andaluz de Especies Amenazadas
108206,Luria lurida,LAESRPE,Decreto 23/2012. LAESRPE y Catálogo Andaluz de Especies Amenazadas
15077,Lymnocryptes minimus,-,-
2121,Lynx pardinus,En peligro de extinción,Decreto 23/2012. LAESRPE y Catálogo Andaluz de Especies Amenazadas
13411,Macromia splendens,En peligro de extinción,Decreto 23/2012. LAESRPE y Catálogo Andaluz de Especies Amenazadas
108209,Madrepora oculata,LAESRPE,Decreto 23/2012 -Real Decreto 139/2011. LESRPE y Catálogo Español de Especies Amenazadas (Orden TEC/596/2019)-
108212,Maja squinado,-,-
16200,Mareca americana,-,-
2453,Mareca penelope,-,-
2454,Mareca strepera,-,-
2472,Marmaronetta angustirostris,En peligro de extinción,Decreto 23/2012. LAESRPE y Catálogo Andaluz de Especies Amenazadas
15078,Melanitta fusca,-,-
2480,Melanitta nigra,-,-
16212,Melanitta perspicillata,-,-
2482,Mergus serrator,-,-
15032,Milvus milvus,En peligro de extinción,Decreto 23/2012. LAESRPE y Catálogo Andaluz de Especies Amenazadas
2105,Miniopterus schreibersii,Vulnerable,Decreto 23/2012. LAESRPE y Catálogo Andaluz de Especies Amenazadas
108221,Modiolus lulat,LAESRPE,Decreto 23/2012. LAESRPE y Catálogo Andaluz de Especies Amenazadas
112451,Monoplex corrugatus,-,-
112452,Monoplex parthenopeus,-,-
16183,Morus bassanus,LAESRPE,Decreto 23/2012. LAESRPE y Catálogo Andaluz de Especies Amenazadas
2090,Myotis,-,-
2092,Myotis blythii,Vulnerable,Decreto 23/2012. LAESRPE y Catálogo Andaluz de Especies Amenazadas
2097,Myotis capaccinii,En peligro de extinción,Decreto 23/2012. LAESRPE y Catálogo Andaluz de Especies Amenazadas
2096,Myotis daubentonii,LAESRPE,Decreto 23/2012. LAESRPE y Catálogo Andaluz de Especies Amenazadas
2093,Myotis emarginatus,Vulnerable,Decreto 23/2012. LAESRPE y Catálogo Andaluz de Especies Amenazadas
110353,Myotis escalerai,LAESRPE,Decreto 23/2012. LAESRPE y Catálogo Andaluz de Especies Amenazadas
2091,Myotis myotis,Vulnerable,Decreto 23/2012. LAESRPE y Catálogo Andaluz de Especies Amenazadas
110351,Myotis myotis/M. blythii,Vulnerable,Decreto 23/2012. LAESRPE y Catálogo Andaluz de Especies Amenazadas
119674,Myotis pequeño,En peligro de extinción (Myotis capaccinii)/Vulnerable (M. emarginatus)/LAESRPE (M. daubentoni)/LAES,Decreto 23/2012. LAESRPE y Catálogo Andaluz de Especies Amenazadas
114056,Naria spurca,-,-
15003,Neophron percnopterus,En peligro de extinción,Decreto 23/2012. LAESRPE y Catálogo Andaluz de Especies Amenazadas
2474,Netta rufina,-,-
2550,Numenius arquata,LAESRPE,Decreto 23/2012. LAESRPE y Catálogo Andaluz de Especies Amenazadas
2551,Numenius phaeopus,LAESRPE,Decreto 23/2012. LAESRPE y Catálogo Andaluz de Especies Amenazadas
2430,Nycticorax nycticorax,LAESRPE,Decreto 23/2012. LAESRPE y Catálogo Andaluz de Especies Amenazadas
15086,Oceanodroma leucorhoa,LAESRPE,Decreto 23/2012. LAESRPE y Catálogo Andaluz de Especies Amenazadas
106177,Onychogomphus,-,-
119811,Onychogomphus forcipatus,-,-
106179,Onychogomphus uncatus,-,-
108229,Ophidiaster ophidianus,LAESRPE,Decreto 23/2012. LAESRPE y Catálogo Andaluz de Especies Amenazadas
105080,Orculella aragonica,-,-
119832,Orculella bulgarica,Vulnerable,Decreto 23/2012. LAESRPE y Catálogo Andaluz de Especies Amenazadas
null,Orculella bulgarica/Orculella aragonica,-,-
106187,Orthetrum,-,-
119813,Orthetrum brunneum,-,-
119817,Orthetrum trinacria,-,-
2519,Otis tarda,En peligro de extinción,Decreto 23/2012. LAESRPE y Catálogo Andaluz de Especies Amenazadas
13441,Oxygastra curtisii,Vulnerable,Decreto 23/2012. LAESRPE y Catálogo Andaluz de Especies Amenazadas
2470,Oxyura jamaicensis,-,-
2469,Oxyura leucocephala,En peligro de extinción,Decreto 23/2012. LAESRPE y Catálogo Andaluz de Especies Amenazadas
108230,Palinurus elephas,-,-
15028,Pandion haliaetus,Vulnerable,Decreto 23/2012. LAESRPE y Catálogo Andaluz de Especies Amenazadas
108235,Paramuricea clavata,-,-
105160,Patella ferruginea,En peligro de extinción,Decreto 23/2012. LAESRPE y Catálogo Andaluz de Especies Amenazadas
108241,Pentapora fascialis,-,-
2466,Pernis apivorus,LAESRPE,Decreto 23/2012. LAESRPE y Catálogo Andaluz de Especies Amenazadas
4501,Petromyzon marinus,En peligro de extinción,Decreto 23/2012. LAESRPE y Catálogo Andaluz de Especies Amenazadas
108370,Petrosia ficiformis,-,-
2420,Phalacrocorax aristotelis,Vulnerable,Decreto 23/2012. LAESRPE y Catálogo Andaluz de Especies Amenazadas
2419,Phalacrocorax carbo,-,-
15091,Phalaropus fulicarius,LAESRPE,Decreto 23/2012. LAESRPE y Catálogo Andaluz de Especies Amenazadas
15092,Phalaropus lobatus,LAESRPE,Decreto 23/2012. LAESRPE y Catálogo Andaluz de Especies Amenazadas
15095,Phoeniconaias minor,-,-
15000,Phoenicopterus roseus,LAESRPE,Decreto 23/2012. LAESRPE y Catálogo Andaluz de Especies Amenazadas
108164,Pholas dactylus,LAESRPE,Decreto 23/2012. LAESRPE y Catálogo Andaluz de Especies Amenazadas
108197,Phyllangia mouchezii,-,-
106635,Pinna,-,-
106636,Pinna nobilis,En peligro de extinción,Decreto 23/2012 -Real Decreto 139/2011. LESRPE y Catálogo Español de Especies Amenazadas (Orden TEC/596/2019)-
108242,Pinna rudis,LAESRPE,Decreto 23/2012. LAESRPE y Catálogo Andaluz de Especies Amenazadas
2444,Platalea leucorodia,LAESRPE,Decreto 23/2012. LAESRPE y Catálogo Andaluz de Especies Amenazadas
119775,Platycnemis,-,-
119819,Platycnemis latipes,-,-
2101,Plecotus austriacus,LAESRPE,Decreto 23/2012. LAESRPE y Catálogo Andaluz de Especies Amenazadas
2446,Plegadis falcinellus,LAESRPE,Decreto 23/2012. LAESRPE y Catálogo Andaluz de Especies Amenazadas
2537,Pluvialis apricaria,LAESRPE,Decreto 23/2012. LAESRPE y Catálogo Andaluz de Especies Amenazadas
2538,Pluvialis squatarola,LAESRPE,Decreto 23/2012. LAESRPE y Catálogo Andaluz de Especies Amenazadas
15104,Podiceps auritus,LAESRPE,Decreto 23/2012. LAESRPE y Catálogo Andaluz de Especies Amenazadas
2404,Podiceps cristatus,LAESRPE,Decreto 23/2012. LAESRPE y Catálogo Andaluz de Especies Amenazadas
16157,Podiceps grisegena,-,-
2405,Podiceps nigricollis,LAESRPE,Decreto 23/2012. LAESRPE y Catálogo Andaluz de Especies Amenazadas
108245,Pollicipes pollicipes,-,-
106467,Polyommatus golgus,En peligro de extinción,Decreto 23/2012. LAESRPE y Catálogo Andaluz de Especies Amenazadas
2513,Porphyrio porphyrio,LAESRPE,Decreto 23/2012. LAESRPE y Catálogo Andaluz de Especies Amenazadas
2506,Porzana porzana,LAESRPE,Decreto 23/2012. LAESRPE y Catálogo Andaluz de Especies Amenazadas
108247,Pourtalosmilia anthophyllites,-,-
2608,Pterocles alchata,Vulnerable,Decreto 23/2012. LAESRPE y Catálogo Andaluz de Especies Amenazadas
2607,Pterocles orientalis,Vulnerable,Decreto 23/2012. LAESRPE y Catálogo Andaluz de Especies Amenazadas
105810,Puffinus mauretanicus,En peligro de extinción,Decreto 23/2012. LAESRPE y Catálogo Andaluz de Especies Amenazadas
15144,Puffinus yelkouan,LAESRPE,Decreto 23/2012. LAESRPE y Catálogo Andaluz de Especies Amenazadas
2502,Rallus aquaticus,-,-
112607,Ranella olearium,-,-
2525,Recurvirostra avosetta,LAESRPE,Decreto 23/2012. LAESRPE y Catálogo Andaluz de Especies Amenazadas
108299,Reteporella,-,-
2085,Rhinolophus,-,-
2088,Rhinolophus euryale,Vulnerable,Decreto 23/2012. LAESRPE y Catálogo Andaluz de Especies Amenazadas
110352,Rhinolophus euryale/Rhinolophus mehelyi,Vulnerable,Decreto 23/2012. LAESRPE y Catálogo Andaluz de Especies Amenazadas
2086,Rhinolophus ferrumequinum,Vulnerable,Decreto 23/2012. LAESRPE y Catálogo Andaluz de Especies Amenazadas
2087,Rhinolophus hipposideros,LAESRPE,Decreto 23/2012. LAESRPE y Catálogo Andaluz de Especies Amenazadas
2089,Rhinolophus mehelyi,Vulnerable,Decreto 23/2012. LAESRPE y Catálogo Andaluz de Especies Amenazadas
2581,Rissa tridactyla,LAESRPE,Decreto 23/2012. LAESRPE y Catálogo Andaluz de Especies Amenazadas
105903,Rossomyrmex minuchae,Vulnerable,Decreto 23/2012. LAESRPE y Catálogo Andaluz de Especies Amenazadas
108257,Sabellaria alveolata,-,-
3626,Salaria fluviatilis,Vulnerable,Decreto 23/2012. LAESRPE y Catálogo Andaluz de Especies Amenazadas
108262,Schilderia achatidea,LAESRPE,Decreto 23/2012. LAESRPE y Catálogo Andaluz de Especies Amenazadas
2565,Scolopax rusticola,-,-
108265,Scyllarides latus,-,-
108267,Scyllarus arctus,-,-
108269,Sipunculus nudus,-,-
16209,Somateria mollissima,-,-
2456,Spatula clypeata,-,-
15034,Spatula querquedula,-,-
108384,Spinimuricea atlantica,-,-
108272,Spondylus gaederopus,-,-
108277,Spongia agaricina,-,-
119653,Spongia lamella,-,-
108332,Stenopus spinosus,-,-
15110,Stercorarius parasiticus,LAESRPE,Decreto 23/2012. LAESRPE y Catálogo Andaluz de Especies Amenazadas
16255,Stercorarius pomarinus,LAESRPE,Decreto 23/2012. LAESRPE y Catálogo Andaluz de Especies Amenazadas
2569,Stercorarius skua,LAESRPE,Decreto 23/2012. LAESRPE y Catálogo Andaluz de Especies Amenazadas
2586,Sterna hirundo,LAESRPE,Decreto 23/2012. LAESRPE y Catálogo Andaluz de Especies Amenazadas
2587,Sternula albifrons,-,-
106280,Sympetrum,-,-
119825,Sympetrum fonscolombii,-,-
119826,Sympetrum meridionale / Sympetrum striolatum,-,-
119829,Sympetrum striolatum,-,-
119830,Sympetrum vulgatum,-,-
2407,Tachybaptus ruficollis,LAESRPE,Decreto 23/2012. LAESRPE y Catálogo Andaluz de Especies Amenazadas
2467,Tadorna ferruginea,LAESRPE,Decreto 23/2012. LAESRPE y Catálogo Andaluz de Especies Amenazadas
15013,Tadorna tadorna,LAESRPE,Decreto 23/2012. LAESRPE y Catálogo Andaluz de Especies Amenazadas
114061,Tarantinaea lignaria,-,-
108279,Tethya aurantium,LAESRPE,Decreto 23/2012. LAESRPE y Catálogo Andaluz de Especies Amenazadas
2521,Tetrax tetrax,En peligro de extinción,Decreto 23/2012. LAESRPE y Catálogo Andaluz de Especies Amenazadas
113925,Thalasseus elegans,-,-
16176,Thalasseus maximus,-,-
2585,Thalasseus sandvicensis,-,-
105922,Threskiornis aethiopicus,-,-
2556,Tringa,-,-
2558,Tringa erythropus,LAESRPE,Decreto 23/2012. LAESRPE y Catálogo Andaluz de Especies Amenazadas
15114,Tringa flavipes,-,-
16251,Tringa glareola,LAESRPE,Decreto 23/2012. LAESRPE y Catálogo Andaluz de Especies Amenazadas
2559,Tringa nebularia,LAESRPE,Decreto 23/2012. LAESRPE y Catálogo Andaluz de Especies Amenazadas
2560,Tringa ochropus,LAESRPE,Decreto 23/2012. LAESRPE y Catálogo Andaluz de Especies Amenazadas
15115,Tringa stagnatilis,LAESRPE,Decreto 23/2012. LAESRPE y Catálogo Andaluz de Especies Amenazadas
2557,Tringa totanus,LAESRPE,Decreto 23/2012. LAESRPE y Catálogo Andaluz de Especies Amenazadas
106320,Trithemis annulata,-,-
119831,Trithemis kirbyi,-,-
108286,Ungulina cuneata,-,-
111795,Unio gibbus,Vulnerable,Decreto 23/2012. LAESRPE y Catálogo Andaluz de Especies Amenazadas
108287,Unio tumidiformis,Vulnerable,Decreto 23/2012 -Real Decreto 139/2011. LESRPE y Catálogo Español de Especies Amenazadas (Orden AAA/
2540,Vanellus vanellus,-,-
16118,Vespertilionidae,-,-
16258,Xema sabini,-,-
16253,Xenus cinereus,-,-
2504,Zapornia pusilla,-,-
108289,Zonaria pyrum,LAESRPE,Decreto 23/2012. LAESRPE y Catálogo Andaluz de Especies Amenazadas
106332,Zygonyx torridus,-,-
1429,Anax,-,-
108387,Asterina gibbosa,-,-
113924,Aythya nyroca x Aythya ferina,-,-
106550,Calopteryx,-,-
13435,Gomphus,-,-
16295,Larus fuscus x L. michahellis,-,-
113394,Linaria,-,-
16216,Oxyura leucocephala x O. jamaicensis,-,-
113240,Pholas-Barnea,-,-
81724,Thielavia,-,-
