archivo,motivo,datos_crudos
arboles-viario.pdf,"Coordenadas fuera de Sevilla (Lat: 0.0000, Lon: -7.4887)", |  |  |  |  |  | X:0.00 | Y:0.00
arboles-viario.pdf,"Coordenadas fuera de Sevilla (Lat: 0.0000, Lon: -7.4887)", |  |  |  |  |  | X:0.00 | Y:0.00
arboles-viario.pdf,"Coordenadas fuera de Sevilla (Lat: 0.0000, Lon: -7.4887)", |  |  |  |  |  | X:0.00 | Y:0.00
arboles-viario.pdf,"Coordenadas fuera de Sevilla (Lat: 0.0000, Lon: -7.4887)", |  |  |  |  |  | X:0.00 | Y:0.00
arboles-viario.pdf,"Coordenadas fuera de Sevilla (Lat: 0.0000, Lon: -7.4887)", |  |  |  |  |  | X:0.00 | Y:0.00
arboles-viario.pdf,"Coordenadas fuera de Sevilla (Lat: 0.0000, Lon: -7.4887)", |  |  |  |  |  | X:0.00 | Y:0.00
arboles-viario.pdf,"Coordenadas fuera de Sevilla (Lat: 0.0000, Lon: -7.4887)", |  |  |  |  |  | X:0.00 | Y:0.00
arboles-viario.pdf,"Coordenadas fuera de Sevilla (Lat: 0.0000, Lon: -7.4887)", |  |  |  |  |  | X:0.00 | Y:0.00
arboles-viario.pdf,"Coordenadas fuera de Sevilla (Lat: 0.0000, Lon: -7.4887)", |  |  |  |  |  | X:0.00 | Y:0.00
arboles-viario.pdf,"Coordenadas fuera de Sevilla (Lat: 0.0000, Lon: -7.4887)", |  |  |  |  |  | X:0.00 | Y:0.00
arboles-viario.pdf,"Coordenadas fuera de Sevilla (Lat: 0.0000, Lon: -7.4887)", |  |  |  |  |  | X:0.00 | Y:0.00
arboles-viario.pdf,"Coordenadas fuera de Sevilla (Lat: 0.0000, Lon: -7.4887)", |  |  |  |  |  | X:0.00 | Y:0.00
arboles-viario.pdf,"Coordenadas fuera de Sevilla (Lat: 0.0000, Lon: -7.4887)", |  |  |  |  |  | X:0.00 | Y:0.00
arboles-viario.pdf,"Coordenadas fuera de Sevilla (Lat: 0.0000, Lon: -7.4887)", |  |  |  |  |  | X:0.00 | Y:0.00
arboles-viario.pdf,"Coordenadas fuera de Sevilla (Lat: 0.0000, Lon: -7.4887)", |  |  |  |  |  | X:0.00 | Y:0.00
arboles-viario.pdf,"Coordenadas fuera de Sevilla (Lat: 0.0000, Lon: -7.4887)", |  |  |  |  |  | X:0.00 | Y:0.00
arboles-viario.pdf,"Coordenadas fuera de Sevilla (Lat: 0.0000, Lon: -7.4887)", |  |  |  |  |  | X:0.00 | Y:0.00
arboles-viario.pdf,"Coordenadas fuera de Sevilla (Lat: 0.0000, Lon: -7.4887)", |  |  |  |  |  | X:0.00 | Y:0.00
arboles-viario.pdf,"Coordenadas fuera de Sevilla (Lat: 0.0000, Lon: -7.4887)", |  |  |  |  |  | X:0.00 | Y:0.00
arboles-viario.pdf,"Coordenadas fuera de Sevilla (Lat: 0.0000, Lon: -7.4887)", |  |  |  |  |  | X:0.00 | Y:0.00
arboles-viario.pdf,"Coordenadas fuera de Sevilla (Lat: 0.0000, Lon: -7.4887)", |  |  |  |  |  | X:0.00 | Y:0.00
arboles-viario.pdf,"Coordenadas fuera de Sevilla (Lat: 0.0000, Lon: -7.4887)", |  |  |  |  |  | X:0.00 | Y:0.00
arboles-viario.pdf,"Coordenadas fuera de Sevilla (Lat: 0.0000, Lon: -7.4887)", |  |  |  |  |  | X:0.00 | Y:0.00
arboles-viario.pdf,"Coordenadas fuera de Sevilla (Lat: 0.0000, Lon: -7.4887)", |  |  |  |  |  | X:0.00 | Y:0.00
arboles-viario.pdf,"Coordenadas fuera de Sevilla (Lat: 0.0000, Lon: -7.4887)", |  |  |  |  |  | X:0.00 | Y:0.00
arboles-viario.pdf,"Coordenadas fuera de Sevilla (Lat: 0.0000, Lon: -7.4887)", |  |  |  |  |  | X:0.00 | Y:0.00
arboles-viario.pdf,"Coordenadas fuera de Sevilla (Lat: 0.0000, Lon: -7.4887)", |  |  |  |  |  | X:0.00 | Y:0.00
arboles-viario.pdf,"Coordenadas fuera de Sevilla (Lat: 0.0000, Lon: -7.4887)", |  |  |  |  |  | X:0.00 | Y:0.00
arboles-viario.pdf,"Coordenadas fuera de Sevilla (Lat: 0.0000, Lon: -7.4887)", |  |  |  |  |  | X:0.00 | Y:0.00
arboles-viario.pdf,"Coordenadas fuera de Sevilla (Lat: 0.0000, Lon: -7.4887)", |  |  |  |  |  | X:0.00 | Y:0.00
arboles-viario.pdf,"Coordenadas fuera de Sevilla (Lat: 0.0000, Lon: -7.4887)", |  |  |  |  |  | X:0.00 | Y:0.00
arboles-viario.pdf,"Coordenadas fuera de Sevilla (Lat: 0.0000, Lon: -7.4887)", |  |  |  |  |  | X:0.00 | Y:0.00
arboles-viario.pdf,"Coordenadas fuera de Sevilla (Lat: 0.0000, Lon: -7.4887)", |  |  |  |  |  | X:0.00 | Y:0.00
arboles-viario.pdf,"Coordenadas fuera de Sevilla (Lat: 0.0000, Lon: -7.4887)", |  |  |  |  |  | X:0.00 | Y:0.00
arboles-viario.pdf,"Coordenadas fuera de Sevilla (Lat: 0.0000, Lon: -7.4887)", |  |  |  |  |  | X:0.00 | Y:0.00
arboles-viario.pdf,"Coordenadas fuera de Sevilla (Lat: 0.0000, Lon: -7.4887)", |  |  |  |  |  | X:0.00 | Y:0.00
arboles-viario.pdf,"Coordenadas fuera de Sevilla (Lat: 0.0000, Lon: -7.4887)", |  |  |  |  |  | X:0.00 | Y:0.00
arboles-viario.pdf,"Coordenadas fuera de Sevilla (Lat: 0.0000, Lon: -7.4887)", |  |  |  |  |  | X:0.00 | Y:0.00
arboles-viario.pdf,"Coordenadas fuera de Sevilla (Lat: 0.0000, Lon: -7.4887)", |  |  |  |  |  | X:0.00 | Y:0.00
arboles-viario.pdf,"Coordenadas fuera de Sevilla (Lat: 0.0000, Lon: -7.4887)", |  |  |  |  |  | X:0.00 | Y:0.00
arboles-viario.pdf,"Coordenadas fuera de Sevilla (Lat: 0.0000, Lon: -7.4887)", |  |  |  |  |  | X:0.00 | Y:0.00
arboles-viario.pdf,"Coordenadas fuera de Sevilla (Lat: 0.0000, Lon: -7.4887)", |  |  |  |  |  | X:0.00 | Y:0.00
arboles-viario.pdf,"Coordenadas fuera de Sevilla (Lat: 0.0000, Lon: -7.4887)", |  |  |  |  |  | X:0.00 | Y:0.00
arboles-viario.pdf,"Coordenadas fuera de Sevilla (Lat: 0.0000, Lon: -7.4887)", |  |  |  |  |  | X:0.00 | Y:0.00
arboles-viario.pdf,"Coordenadas fuera de Sevilla (Lat: 0.0000, Lon: -7.4887)", |  |  |  |  |  | X:0.00 | Y:0.00
arboles-viario.pdf,"Coordenadas fuera de Sevilla (Lat: 0.0000, Lon: -7.4887)", |  |  |  |  |  | X:0.00 | Y:0.00
arboles-viario.pdf,"Coordenadas fuera de Sevilla (Lat: 0.0000, Lon: -7.4887)", |  |  |  |  |  | X:0.00 | Y:0.00
arboles-viario.pdf,"Coordenadas fuera de Sevilla (Lat: 0.0000, Lon: -7.4887)", |  |  |  |  |  | X:0.00 | Y:0.00
arboles-viario.pdf,"Coordenadas fuera de Sevilla (Lat: 0.0000, Lon: -7.4887)", |  |  |  |  |  | X:0.00 | Y:0.00
arboles-viario.pdf,"Coordenadas fuera de Sevilla (Lat: 0.0000, Lon: -7.4887)", |  |  |  |  |  | X:0.00 | Y:0.00
arboles-viario.pdf,"Coordenadas fuera de Sevilla (Lat: 0.0000, Lon: -7.4887)", |  |  |  |  |  | X:0.00 | Y:0.00
arboles-viario.pdf,"Coordenadas fuera de Sevilla (Lat: 0.0000, Lon: -7.4887)", |  |  |  |  |  | X:0.00 | Y:0.00
arboles-viario.pdf,"Coordenadas fuera de Sevilla (Lat: 0.0000, Lon: -7.4887)", |  |  |  |  |  | X:0.00 | Y:0.00
arboles-viario.pdf,"Coordenadas fuera de Sevilla (Lat: 0.0000, Lon: -7.4887)", |  |  |  |  |  | X:0.00 | Y:0.00
arboles-viario.pdf,"Coordenadas fuera de Sevilla (Lat: 0.0000, Lon: -7.4887)", |  |  |  |  |  | X:0.00 | Y:0.00
arboles-viario.pdf,"Coordenadas fuera de Sevilla (Lat: 0.0000, Lon: -7.4887)", |  |  |  |  |  | X:0.00 | Y:0.00
arboles-viario.pdf,"Coordenadas fuera de Sevilla (Lat: 0.0000, Lon: -7.4887)", |  |  |  |  |  | X:0.00 | Y:0.00
arboles-viario.pdf,"Coordenadas fuera de Sevilla (Lat: 0.0000, Lon: -7.4887)", |  |  |  |  |  | X:0.00 | Y:0.00
arboles-viario.pdf,"Coordenadas fuera de Sevilla (Lat: 0.0000, Lon: -7.4887)", |  |  |  |  |  | X:0.00 | Y:0.00
arboles-viario.pdf,"Coordenadas fuera de Sevilla (Lat: 0.0000, Lon: -7.4887)", |  |  |  |  |  | X:0.00 | Y:0.00
arboles-viario.pdf,"Coordenadas fuera de Sevilla (Lat: 0.0000, Lon: -7.4887)", |  |  |  |  |  | X:0.00 | Y:0.00
arboles-viario.pdf,"Coordenadas fuera de Sevilla (Lat: 0.0000, Lon: -7.4887)", |  |  |  |  |  | X:0.00 | Y:0.00
arboles-viario.pdf,"Coordenadas fuera de Sevilla (Lat: 0.0000, Lon: -7.4887)", |  |  |  |  |  | X:0.00 | Y:0.00
arboles-viario.pdf,"Coordenadas fuera de Sevilla (Lat: 0.0000, Lon: -7.4887)", |  |  |  |  |  | X:0.00 | Y:0.00
arboles-viario.pdf,"Coordenadas fuera de Sevilla (Lat: 0.0000, Lon: -7.4887)", |  |  |  |  |  | X:0.00 | Y:0.00
arboles-viario.pdf,"Coordenadas fuera de Sevilla (Lat: 0.0000, Lon: -7.4887)", |  |  |  |  |  | X:0.00 | Y:0.00
arboles-viario.pdf,"Coordenadas fuera de Sevilla (Lat: 0.0000, Lon: -7.4887)", |  |  |  |  |  | X:0.00 | Y:0.00
arboles-viario.pdf,"Coordenadas fuera de Sevilla (Lat: 0.0000, Lon: -7.4887)", |  |  |  |  |  | X:0.00 | Y:0.00
arboles-viario.pdf,"Coordenadas fuera de Sevilla (Lat: 0.0000, Lon: -7.4887)", |  |  |  |  |  | X:0.00 | Y:0.00
arboles-viario.pdf,"Coordenadas fuera de Sevilla (Lat: 0.0000, Lon: -7.4887)", |  |  |  |  |  | X:0.00 | Y:0.00
arboles-viario.pdf,"Coordenadas fuera de Sevilla (Lat: 0.0000, Lon: -7.4887)", |  |  |  |  |  | X:0.00 | Y:0.00
arboles-viario.pdf,"Coordenadas fuera de Sevilla (Lat: 0.0000, Lon: -7.4887)", |  |  |  |  |  | X:0.00 | Y:0.00
arboles-viario.pdf,"Coordenadas fuera de Sevilla (Lat: 0.0000, Lon: -7.4887)", |  |  |  |  |  | X:0.00 | Y:0.00
arboles-viario.pdf,"Coordenadas fuera de Sevilla (Lat: 0.0000, Lon: -7.4887)", |  |  |  |  |  | X:0.00 | Y:0.00
arboles-viario.pdf,"Coordenadas fuera de Sevilla (Lat: 0.0000, Lon: -7.4887)", |  |  |  |  |  | X:0.00 | Y:0.00
